Metabolite	num_IVs	num_unconditioned_IVs	unconditional_pass	conditional_pass	num_IVs_v2	IVW_Estimate	IVW_SE	IVW_Pval	IVW_Fstat
1-(1-enyl-palmitoyl)-2-arachidonoyl-GPE (P-16_0_20_4)*	3	1	FALSE	FALSE	1	0.07877528912192032	0.008067348885979791	1.5957434800639496e-22	384.28555593448743
1-(1-enyl-stearoyl)-2-arachidonoyl-GPE (P-18_0_20_4)*	2	1	FALSE	FALSE	1	0.05970325528200127	0.006151244483600131	2.8460303775993565e-22	687.9792354435393
1-adrenoyl-GPC (22_4)*	2	1	FALSE	FALSE	1	-0.3433667132344172	0.023500383415283304	2.3859475327868856e-48	50.16711086724521
1-eicosapentaenoyl-GPC (20_5)*	2	1	FALSE	FALSE	1	0.06195670299369501	0.00642234116398058	5.058575685901609e-22	623.9492198407768
1-palmitoyl-2-linoleoyl-GPE (16_0_18_2)	2	1	FALSE	FALSE	1	-0.054294246144090515	0.005628062100302065	5.058575685901609e-22	817.0169139903018
1-palmitoyl-2-stearoyl-GPC (16_0_18_0)	2	1	FALSE	FALSE	1	0.11185656681071152	0.012505703121694457	3.7382535008626617e-19	168.01030751066222
cysteine sulfinic acid	1	0	FALSE	FALSE	0	NA	NA	NA	NA
sphinganine	1	0	FALSE	FALSE	0	NA	NA	NA	NA
sphingomyelin (d18_2_14_0, d18_1_14_1)*	1	0	FALSE	FALSE	0	NA	NA	NA	NA
